question,label
강명숙,S-NAME
이현주,S-NAME
손의성,S-NAME
이성덕,S-NAME
박석준,S-NAME
백낙천,S-NAME
심혜령,S-NAME
지현숙,S-NAME
최정순,S-NAME
정순분,S-NAME
강수자,S-NAME
김우승,S-NAME
김정태,S-NAME
박윤기,S-NAME
손성태,S-NAME
안미진,S-NAME
유왕무,S-NAME
윤준,S-NAME
이상원,S-NAME
이영순,S-NAME
이창인,S-NAME
조영우,S-NAME
김동건,S-NAME
김종서,S-NAME
유진숙,S-NAME
김욱,S-NAME
오진석,S-NAME
이혁우,S-NAME
이혜경,S-NAME
임헌만,S-NAME
정연정,S-NAME
최호택,S-NAME
최애나,S-NAME
송진숙,S-NAME
이대균,S-NAME
이성희,S-NAME
이진화,S-NAME
강호정,S-NAME
김원겸,S-NAME
박현민,S-NAME
이정언,S-NAME
문창권,S-NAME
방용태,S-NAME
이신규,S-NAME
김범환,S-NAME
임광혁,S-NAME
김영태,S-NAME
박준용,S-NAME
유종서,S-NAME
정강환,S-NAME
곽용섭,S-NAME
서진욱,S-NAME
이성만,S-NAME
곽한식,S-NAME
김하근,S-NAME
이정기,S-NAME
이종수,S-NAME
이종수,S-NAME
이준원,S-NAME
최창원,S-NAME
서병기,S-NAME
전은미,S-NAME
김정현,S-NAME
김정우,S-NAME
이상수,S-NAME
차미경,S-NAME
채순기,S-NAME
류시현,S-NAME
이수진,S-NAME
정재길,S-NAME
김지훈,S-NAME
서성호,S-NAME
김용호,S-NAME
남승현,S-NAME
김성수,S-NAME
김영선,S-NAME
박종대,S-NAME
성수학,S-NAME
이규봉,S-NAME
이진걸,S-NAME
강미경,S-NAME
임거수,S-NAME
배선영,S-NAME
김청훈,S-NAME
김성숙,S-NAME
이철세,S-NAME
조창호,S-NAME
한규광,S-NAME
이경희,S-NAME
황상기,S-NAME
강보순,S-NAME
공현철,S-NAME
이도형,S-NAME
이범희,S-NAME
임유진,S-NAME
이경찬,S-NAME
차도완,S-NAME
김도완,S-NAME
김익상,S-NAME
류황,S-NAME
박두영,S-NAME
주기호,S-NAME
장종환,S-NAME
송정영,S-NAME
이창훈,S-NAME
정회경,S-NAME
김창수,S-NAME
고경민,S-NAME
김진홍,S-NAME
임선영,S-NAME
양승의,S-NAME
이성옥,S-NAME
김진수,S-NAME
이병엽,S-NAME
조인준,S-NAME
신영진,S-NAME
강아름,S-NAME
함형민,S-NAME
곽내정,S-NAME
안성옥,S-NAME
심윤식,S-NAME
이영호,S-NAME
박동원,S-NAME
김성수,S-NAME
김영백,S-NAME
민병진,S-NAME
윤인권,S-NAME
임대영,S-NAME
송정환,S-NAME
김종옥,S-NAME
김택남,S-NAME
박원규,S-NAME
오영기,S-NAME
이상범,S-NAME
이상범,S-NAME
이택혁,S-NAME
김종헌,S-NAME
박인규,S-NAME
이정우,S-NAME
이란표,S-NAME
차명열,S-NAME
이시영,S-NAME
강병호,S-NAME
임영호,S-NAME
구미지,S-NAME
김현숙,S-NAME
문희강,S-NAME
송경헌,S-NAME
이정임,S-NAME
권순환,S-NAME
문성준,S-NAME
이영우,S-NAME
김기탁,S-NAME
김한수,S-NAME
최웅재,S-NAME
이봉지,S-NAME
조태준,S-NAME
채경화,S-NAME
한기남,S-NAME
권순자,S-NAME
임종보,S-NAME
배희재,S-NAME
권우정,S-NAME
박은비,S-NAME
백종우,S-NAME
양승희,S-NAME
최도원,S-NAME
최진실,S-NAME